<?xml version="1.0" encoding="UTF-8"?>
<!DOCTYPE hibernate-mapping PUBLIC 
    "-//Hibernate/Hibernate Mapping DTD 3.0//EN"
    "http://www.hibernate.org/dtd/hibernate-mapping-3.0.dtd">
<hibernate-mapping>
	<class name="cn.itcast.crm.domain.Customer" table="customer">
		<id name="id">
			<generator class="uuid"></generator>
		</id>
		<property name="name"></property>
		<property name="telephone"></property>
		<property name="address"></property>
		<property name="decidedZoneId"></property>
	</class>
</hibernate-mapping>    